{"AUC": 0.9532593880659499, "confusion_matrix": {"_type": "image-file", "sha256": "c60ccbb0f9b362eebb8758ee21c0a214feeba929f3758620a903a0f1a1fe092d", "size": 93479, "path": "media/images/confusion_matrix_0_c60ccbb0f9b362eebb87.png", "format": "png", "width": 1000, "height": 1000}, "_timestamp": 1714240807.373433, "_runtime": 11.192220211029053, "_step": 0, "_wandb": {"runtime": 9}}